Initial Temperature,Cooling Rate,Markov Length,Max Iterations,Best Distance
10000,0.999,1000,986,431.85341584984286
10000,0.999,1000,986,440.4218386374599
10000,0.999,1000,986,447.0609481031539
10000,0.999,1000,986,440.48171397474624
10000,0.999,1000,986,438.98182218315486
10000,0.999,1000,986,444.1209842221871
10000,0.999,1000,986,435.0737407811732
10000,0.999,1000,986,444.81236548220113
10000,0.999,1000,986,437.0111315684647
10000,0.999,1000,986,434.6421603395864
