Initial Temperature,Cooling Rate,Markov Length,Max Iterations,Best Distance
2000,0.999,1000,10592,430.601271675107
2000,0.999,1000,10592,428.8717563920339
2000,0.999,1000,10592,428.87175639203383
2000,0.999,1000,10592,431.95324536164304
2000,0.999,1000,10592,428.8717563920339
2000,0.999,1000,10592,431.64380168982706
2000,0.999,1000,10592,429.4840806712553
2000,0.999,1000,10592,432.7111409247788
2000,0.999,1000,10592,428.87175639203383
2000,0.999,1000,10592,428.8717563920339
